ID,Churn
0,0.6056387136104486
1,0.004967170491078311
2,0.5328062621794859
3,0.08819742389028286
4,0.30535212034196235
5,0.37039359148737483
6,0.10392145867965139
7,0.0744207315629228
8,0.025110016564678556
9,0.05713520523808714
10,0.17028535422653546
11,0.26554340046017366
12,0.526856631969671
13,0.20291487004259498
14,0.08745222746016104
15,0.21470574290800234
16,0.738759687544846
17,0.08460825619368824
18,0.3291464926327965
19,0.008075868107023754
20,0.7692692714856469
21,0.004972212824571496
22,0.09883892572624092
23,0.08282010238467677
24,0.6293458286831026
25,0.626621819257679
26,0.5836030617084454
27,0.06113409542017755
28,0.006250372072830146
29,0.4089095071900262
30,0.2565987626917818
31,0.6781268871726438
32,0.7816518017536226
33,0.30323909782737696
34,0.30153697194707985
35,0.30713452381124623
36,0.32596150198498547
37,0.6038257439430612
38,0.03143250170906133
39,0.23026953884963994
40,0.7984860958220524
41,0.004710551146642051
42,0.19621253361708887
43,0.7728674113922606
44,0.5816963862060305
45,0.009557428852100078
46,0.4494991156638844
47,0.02671474290916062
48,0.11541803044904807
49,0.6842030426670894
50,0.01327781277317214
51,0.008870124572828845
52,0.3741365944147765
53,0.531965628945404
54,0.21518948690358716
55,0.40609841038867583
56,0.012396210186628957
57,0.5294055356477942
58,0.20816185120804254
59,0.6933153176116976
60,0.4914822620336093
61,0.22318487023991077
62,0.4001296308981842
63,0.033005619880994354
64,0.6024545779251924
65,0.2047173410114522
66,0.6654798435072469
67,0.08293875610335807
68,0.6317509644831202
69,0.5887609599813751
70,0.13016205259512303
71,0.6209430717213945
72,0.008107325424623174
73,0.3887179588588175
74,0.6296201257749494
75,0.690860921196448
76,0.6072731969841983
77,0.18182346670739988
78,0.00966838081526967
79,0.05141741705351357
80,0.4491546473287841
81,0.15908577623596862
82,0.03165058269877273
83,0.17301079199168554
84,0.12051330319719854
85,0.25212848894003864
86,0.4084990564677367
87,0.14759008371635146
88,0.6768942250889389
89,0.22596666931196532
90,0.8589558850569791
91,0.0038818164049211684
92,0.05538916360455546
93,0.0876213431983548
94,0.034394423646881396
95,0.017477603296721506
96,0.40315347519207345
97,0.18646808572985596
98,0.023002837059442102
99,0.2807320646841358
100,0.09397196548203796
101,0.007583668203036775
102,0.7382559495581446
103,0.04348380040367217
104,0.6136808906496485
105,0.6319412919776741
106,0.2417200971975557
107,0.30610103628934215
108,0.5674244410847992
109,0.5338332320497798
110,0.5445730073172333
111,0.1729830584203003
112,0.06821401231335025
113,0.6464123552413295
114,0.858988357071054
115,0.07881359889192106
116,0.021972050941503764
117,0.34051135558657347
118,0.0807290043395456
119,0.012831594938791711
120,0.2622800915603946
121,0.21676034418161264
122,0.4802615118948336
123,0.5707951117161184
124,0.46249308384216214
125,0.6904021999957006
126,0.158253254398488
127,0.17282937787065364
128,0.703641754861006
129,0.47481975486186667
130,0.17275257810676284
131,0.08197503625475233
132,0.24431196345643882
133,0.5559869499103175
134,0.01816778352782257
135,0.044727917179380766
136,0.042333105882758654
137,0.6767078236326833
138,0.07287071105346375
139,0.20076572480425264
140,0.011653688842143997
141,0.10369382538657738
142,0.7123931787498078
143,0.004961224976927707
144,0.012598457184469784
145,0.014079529212746729
146,0.002949974931115462
147,0.12162470804999234
148,0.24623721358725403
149,0.5630979618006211
150,0.023595647767463358
151,0.041099124365968236
152,0.05168672182999832
153,0.6437805467304345
154,0.012955827028945275
155,0.22049717265567684
156,0.13507539239478028
157,0.4108158789789649
158,0.13149535273406499
159,0.21667457433942594
160,0.021146645755009293
161,0.013356641650679525
162,0.0037806720310650807
163,0.6639789825580368
164,0.5451180844584181
165,0.0065616690543067666
166,0.16347113372082273
167,0.002749040162086951
168,0.5471013424382449
169,0.21120569247842258
170,0.32787334724643763
171,0.09306936452373891
172,0.008261951095761985
173,0.34634994226606713
174,0.07508845218735702
175,0.04357988974690877
176,0.3068730229482346
177,0.3673893542442959
178,0.33509703812406394
179,0.04600440785849571
180,0.12097312034560433
181,0.09012040002870796
182,0.33395455034395144
183,0.6229477877033988
184,0.5786367586312049
185,0.03742339383270624
186,0.22334895066226543
187,0.41942759062670393
188,0.32686804566465705
189,0.05894836665833169
190,0.006352134390491928
191,0.6498662970690458
192,0.4592029002760372
193,0.1691155763331049
194,0.31839805395567766
195,0.4286881333532392
196,0.04190378120683543
197,0.23106132509829647
198,0.7754428556654861
199,0.1152438533353469
200,0.028979624102978507
201,0.009343780015454323
202,0.0032113491871352843
203,0.024733440794399375
204,0.036051097312129424
205,0.09635621224538941
206,0.42915679652679795
207,0.45814488963614475
208,0.5944855250013724
209,0.18266850924941308
210,0.058833295164993714
211,0.07653768380146594
212,0.060368945026700184
213,0.48420693006000465
214,0.545671218954672
215,0.09936849373808763
216,0.5164201043625937
217,0.02892254428479452
218,0.6874295668401885
219,0.006333728826220899
220,0.005883463909638379
221,0.6498151464863218
222,0.08581974318605858
223,0.011375674338552853
224,0.4241528472161603
225,0.0881236390649141
226,0.3170450759373676
227,0.03152786618157509
228,0.01711198966410862
229,0.020885218942404783
230,0.3559290840518597
231,0.08826167685627352
232,0.22550077504321123
233,0.18747681895838803
234,0.18078665957662698
235,0.33693729977437337
236,0.604846644134256
237,0.015989264069283846
238,0.21317582958852266
239,0.013006725144173979
240,0.019354529864334113
241,0.3140020170780564
242,0.010001775327821937
243,0.005520532844612726
244,0.3845957994559985
245,0.008971583939570617
246,0.17726737965148243
247,0.08041265241939612
248,0.7163679894886457
249,0.08545298371017317
250,0.14580813408224
251,0.4612192183886899
252,0.6473322942530433
253,0.23236530114932372
254,0.19907076549215594
255,0.05567740809852889
256,0.003918296316575889
257,0.40060970118692074
258,0.3224129005995056
259,0.22517703003270884
260,0.0037621957638062312
261,0.19136002263089985
262,0.02590699247261955
263,0.8036696390873941
264,0.12286104491680566
265,0.07482498084077387
266,0.05766152205752132
267,0.3676740445922128
268,0.4352972491736461
269,0.19797646662044804
270,0.7451702919363165
271,0.03981079337825991
272,0.4482429379326061
273,0.029964965612437888
274,0.002698850368211313
275,0.6107985927230319
276,0.16155149962410428
277,0.12572533767415203
278,0.4815578908673411
279,0.5810403852624628
280,0.04129603704396778
281,0.17080107266623645
282,0.5597611223820916
283,0.39744227457983144
284,0.36446555481260556
285,0.6679766343820999
286,0.4883134377139702
287,0.00615012599803196
288,0.005473028660171227
289,0.624174347784802
290,0.7112768666119789
291,0.009379171343420057
292,0.19485989646252583
293,0.02309264384042872
294,0.15361474528992847
295,0.6779509438380374
296,0.004946580458452834
297,0.2502850867677996
298,0.005396298558558156
299,0.0733040171290936
300,0.16190277226180022
301,0.19705228249913978
302,0.006534580713511576
303,0.5427342185745871
304,0.044195286190606975
305,0.07129780397303373
306,0.3073891445613287
307,0.041996762655906995
308,0.030572918834635657
309,0.06139489046080647
310,0.01112586771066443
311,0.3174550510522996
312,0.0033082129405912148
313,0.18315325462455068
314,0.098432801117055
315,0.0054759321002332325
316,0.27921037680955363
317,0.007107106699130031
318,0.1283780744924897
319,0.6656241783263709
320,0.610256584732229
321,0.020025009831505458
322,0.17505478019641024
323,0.092207175054839
324,0.054592017344742685
325,0.03887516988360056
326,0.015318864221219487
327,0.020663562843719525
328,0.6209953610902356
329,0.38803875631336165
330,0.026098244250611205
331,0.13733291352395557
332,0.7677962199373913
333,0.6537090604721776
334,0.1737698155966274
335,0.34586485007331547
336,0.28091093969876935
337,0.15041642618321527
338,0.006131569841342895
339,0.7699346732899147
340,0.1275473914440688
341,0.38317251048393824
342,0.006261478179489008
343,0.6394728475269911
344,0.05632735999863809
345,0.008734357261459975
346,0.5098731888619434
347,0.5712989376010026
348,0.014491518840123868
349,0.5914648735617706
350,0.2435732977775344
351,0.7263025694155032
352,0.013753528000952826
353,0.2998653308399831
354,0.1941096107947718
355,0.09829347324492692
356,0.3505237756864292
357,0.00820231575680838
358,0.012622409876036134
359,0.15004791273839815
360,0.5978494407584679
361,0.014264833064562504
362,0.14785439566564051
363,0.3645601393510844
364,0.01786373591108451
365,0.022464067527710727
366,0.00930326588049919
367,0.618038460719699
368,0.471569596808323
369,0.6784685729889226
370,0.027358107128186104
371,0.18686851178705788
372,0.019382684517015754
373,0.04773216506698334
374,0.038186523277571466
375,0.27049064489688324
376,0.008339478387695554
377,0.6436325886415722
378,0.14311198646034137
379,0.0893614682061033
380,0.3397185696577678
381,0.04077113421273246
382,0.48804009206668253
383,0.04076229517738151
384,0.03577928165863647
385,0.07485757506235918
386,0.03712024025837
387,0.06950363700138877
388,0.23383310989995781
389,0.09861797063699303
390,0.0030979964360025873
391,0.5132009602933431
392,0.7760012570379828
393,0.29963427555889355
394,0.023683572043224327
395,0.004569221015070691
396,0.1040057549824205
397,0.0057984349709489956
398,0.012751647035465443
399,0.2912295514180156
400,0.015714507106653584
401,0.01948083057141681
402,0.044158456984943105
403,0.528876781082193
404,0.3043121231537805
405,0.14123804231801898
406,0.5320325173994044
407,0.16656313297278294
408,0.18178350413844357
409,0.30352401172494886
410,0.6772466660999847
411,0.5227396893307277
412,0.4852379796267961
413,0.8594742965520281
414,0.35890535154293207
415,0.01594808208798422
416,0.003715720816017651
417,0.22472855110499526
418,0.5368198227177006
419,0.6692562566868276
420,0.009593533025699125
421,0.08386001593117287
422,0.27423919051093015
423,0.005724602190778018
424,0.17742852048946853
425,0.44088890499192734
426,0.07076407090722898
427,0.45173482666771525
428,0.02736961834501226
429,0.5255072574240562
430,0.22984718252284056
431,0.7422630829706818
432,0.01896687843017312
433,0.3250460763955098
434,0.7510438631344355
435,0.5977665781310848
436,0.35009018778087575
437,0.009344839938580991
438,0.16903788356541863
439,0.06434465615164899
440,0.2501559990466638
441,0.17436564482836867
442,0.40566585616167755
443,0.01816235009708156
444,0.03284138845293514
445,0.2981756553531141
446,0.7977197995041719
447,0.324543935877103
448,0.15743960757016204
449,0.3453825766195141
450,0.050432772939451594
451,0.3355046178365534
452,0.3863031565419744
453,0.4952542870828496
454,0.481910304719353
455,0.09174875543515992
456,0.004667281252086961
457,0.7412690156742204
458,0.009424280270701675
459,0.5417503896487704
460,0.4237377503199222
461,0.6515914663033455
462,0.013017444842282368
463,0.2680830059625755
464,0.14761024217000096
465,0.0384063505745066
466,0.005989399210665341
467,0.005529204472925068
468,0.08323339981863577
469,0.039852168607755124
470,0.2727223662968667
471,0.025290920905235915
472,0.8070092967412197
473,0.2154615270703983
474,0.5025314317961219
475,0.3626509556442461
476,0.009145564953708222
477,0.2955389334583329
478,0.37824881422232914
479,0.11788612079124595
480,0.1075214816971376
481,0.00462863369744689
482,0.43357312618114663
483,0.022428122834734904
484,0.7275726032980315
485,0.41129513784172916
486,0.04883078000427539
487,0.5689460299991125
488,0.03942571549472735
489,0.5601807797379607
490,0.007732702024403004
491,0.0033384221413909412
492,0.5212266743299835
493,0.43902726166984757
494,0.5542933286759154
495,0.20622956416151814
496,0.7792267153066349
497,0.5523921624759923
498,0.5438298272617184
499,0.02982130581264371
500,0.7108908783645829
501,0.630538784117735
502,0.0029875861014671797
503,0.3554456377506828
504,0.1730214954395637
505,0.06836323613354982
506,0.5614013486682474
507,0.09729679242007765
508,0.10270289617647337
509,0.029624096159441
510,0.016912343487146174
511,0.031460079100428424
512,0.00315834407702219
513,0.2742084856834287
514,0.01676265332618014
515,0.004005093882509149
516,0.5308952590601267
517,0.0056101130648989455
518,0.03873846305346136
519,0.5502086900592598
520,0.7326123758278889
521,0.03440440932367404
522,0.19437359606252216
523,0.08656715762118192
524,0.013507556705775319
525,0.23851911177381116
526,0.7522990749235396
527,0.03804868624447135
528,0.10564727942982875
529,0.18592939742990428
530,0.574920096357144
531,0.09356791769484055
532,0.41788193111747507
533,0.04515415663652016
534,0.23782276216461157
535,0.20760804657231863
536,0.05797111870431781
537,0.07014492953332027
538,0.02945568288982568
539,0.7837925865584727
540,0.10969566775299494
541,0.4652989939687234
542,0.11451303484275259
543,0.5518282018504702
544,0.030916500365938238
545,0.3482504092640501
546,0.07101350291253777
547,0.12200118373768294
548,0.7201049772193757
549,0.7415522442452118
550,0.03160842053442704
551,0.2654835935674827
552,0.11684636168090094
553,0.45140138451954637
554,0.26551824905993904
555,0.6656716891657473
556,0.3129569250266116
557,0.06613918573776362
558,0.043119979705345424
559,0.44202382914693955
560,0.032446927845678084
561,0.17336773256864665
562,0.23523798421896208
563,0.2958783417688891
564,0.4020922334386431
565,0.10372358106225255
566,0.03748499599656608
567,0.029697223888376097
568,0.2236609179713419
569,0.07501490364155548
570,0.1762237349928646
571,0.10388375918736585
572,0.35233256694833587
573,0.008521049876907428
574,0.046510511974015956
575,0.07770100816608591
576,0.6692106453712302
577,0.017107044258464797
578,0.031539167932436406
579,0.11489707354339927
580,0.004751153803775332
581,0.3557788930753206
582,0.09874971428509864
583,0.4069203105605944
584,0.44102135885506333
585,0.07436289222320516
586,0.45310162499670026
587,0.06496357270631141
588,0.005210314593401938
589,0.8032110370050721
590,0.014118211381998726
591,0.293206225251278
592,0.05514168988914545
593,0.3063168807034568
594,0.35070728066997947
595,0.16683314942389593
596,0.7837950227738492
597,0.01535325782152984
598,0.5292174723191191
599,0.014715524654589598
600,0.5255423824349191
601,0.040964102045683994
602,0.27814788541332686
603,0.036499152927293346
604,0.035525267909191985
605,0.01618388671350971
606,0.005924914256724374
607,0.5795631249955723
608,0.6639655190474966
609,0.05109849681407981
610,0.01498582157273504
611,0.17749562664520005
612,0.05511015661087713
613,0.06627907967174831
614,0.04762809699123871
615,0.6749899895718078
616,0.5443770796828966
617,0.7822780621522644
618,0.46312603642965133
619,0.14037078800660907
620,0.05426387022194309
621,0.09405157353223415
622,0.07365482451661656
623,0.01328084296591414
624,0.4215949207287572
625,0.5175921508461787
626,0.122127468692619
627,0.4938771232339838
628,0.7955768442606622
629,0.5483869115391223
630,0.01988875705880209
631,0.1635626341908978
632,0.7091493839110362
633,0.05770963157386195
634,0.6971178671562431
635,0.22616423059358517
636,0.3950365005262533
637,0.5863461201402235
638,0.2121129813697745
639,0.01384703387513906
640,0.3872324687979114
641,0.4605507793527394
642,0.6250203686588954
643,0.05699143323019842
644,0.06944722906395112
645,0.09337899539733938
646,0.002533988316023927
647,0.0015746629921518332
648,0.424899095409109
649,0.2123335357680475
650,0.4583976454353793
651,0.037281884020817245
652,0.017917293875564958
653,0.31982590504837827
654,0.7055114236916794
655,0.0030419091590466137
656,0.41852555092363514
657,0.006212140822779007
658,0.7317053946210633
659,0.4715911976636569
660,0.7656461085959754
661,0.03943706514717378
662,0.024380022123843034
663,0.6474397560329689
664,0.27031993378179386
665,0.33052351298942956
666,0.08195959082022518
667,0.32745376805362697
668,0.005173105107223393
669,0.30999666543064247
670,0.6691917894152651
671,0.7683132951315946
672,0.010067741446830716
673,0.45947803234461854
674,0.2567317161897807
675,0.5173467223554601
676,0.006832299101848158
677,0.6683832899964798
678,0.11590651689792604
679,0.656129999684016
680,0.4306624325011008
681,0.6026234621886638
682,0.08014776792057922
683,0.0360182374743652
684,0.5185488981445858
685,0.014419527828487077
686,0.013895195525392676
687,0.20549096550448043
688,0.0087078394257785
689,0.04959677735040477
690,0.3583588053917968
691,0.24333405726128735
692,0.6619781096708874
693,0.08472626005960145
694,0.6422953154826305
695,0.16621055183509578
696,0.02995504632373578
697,0.5283520090017082
698,0.5601227761290946
699,0.016130576772921696
700,0.004405881767034253
701,0.29071704061863096
702,0.5661896425148355
703,0.4273863804495134
704,0.09852265570222742
705,0.002516403208290406
706,0.6610380021188541
707,0.00758569676806765
708,0.03715733090465384
709,0.2066854398674057
710,0.005966096388172544
711,0.14343384731606168
712,0.02845015922348234
713,0.22428786220066435
714,0.44147628835642183
715,0.21897529736251645
716,0.06262197514843988
717,0.8648633307487267
718,0.005752789934536761
719,0.0037544562693770144
720,0.37870456674394104
721,0.0428837645551395
722,0.5265477628175316
723,0.20012065983317306
724,0.7569322200198868
725,0.5461998353269104
726,0.023485118603211622
727,0.08924557233076445
728,0.07404407330827684
729,0.28610641070847515
730,0.5671784999717456
731,0.4714021040069964
732,0.049702635481109966
733,0.002332545954828628
734,0.3518799979765771
735,0.19937919028824672
736,0.36152280103547396
737,0.2063589077211213
738,0.008026025056122505
739,0.004011827782955397
740,0.41905024206141056
741,0.11230380747338801
742,0.014104230401929676
743,0.1963693001108711
744,0.10341770349550831
745,0.8100322801842985
746,0.006653198871611058
747,0.003141142775023292
748,0.6490672200547525
749,0.4360876259876318
750,0.7349154733661377
751,0.34086451741921486
752,0.48209855549294645
753,0.6439586889534024
754,0.01032017217260963
755,0.6022124154360317
756,0.00856395872035589
757,0.10311012560306482
758,0.034974227043282846
759,0.017214144914108085
760,0.07712128081598707
761,0.1528098254413216
762,0.007584483730963153
763,0.14829705273106325
764,0.40058647196561714
765,0.16128706748439361
766,0.05654364368505997
767,0.5679387146690426
768,0.14198218664375856
769,0.026472289719463925
770,0.0039198330167275995
771,0.8088376558631495
772,0.24317274162193458
773,0.011260236403649362
774,0.05080466810769959
775,0.6196804875999194
776,0.06140200583894614
777,0.5282816317651647
778,0.5847182064759834
779,0.42914263296033767
780,0.23236848727411108
781,0.02533624408420387
782,0.010163871725743148
783,0.8021421207613274
784,0.04568890668239819
785,0.18078665957662698
786,0.07058653850768366
787,0.09691185755078437
788,0.3190412835189804
789,0.001895344017872388
790,0.1394251519063982
791,0.39455322131825415
792,0.42895099947285487
793,0.35604908882081177
794,0.1408940362822722
795,0.01585023399011762
796,0.5884267634893423
797,0.23406582180217525
798,0.015041703002388215
799,0.24494306418841505
800,0.11428630305105948
801,0.023250879561080094
802,0.11086506490052832
803,0.7691708416064719
804,0.6437360108692495
805,0.5701575523095389
806,0.04451637507801857
807,0.0884142604152215
808,0.36464719439016907
809,0.03598098602890897
810,0.6084207457941019
811,0.6539882590887669
812,0.47159830813540443
813,0.07147743069498072
814,0.45313090815386664
815,0.4025225064885538
816,0.03623957461163052
817,0.030549653893441855
818,0.16439563167521845
819,0.007820624572789947
820,0.3443497678388313
821,0.10020209593180944
822,0.012598009458375943
823,0.00812406423326992
824,0.05191631050312754
825,0.0044717972507967475
826,0.01741028488793489
827,0.05088005533554763
828,0.2664488359334454
829,0.03581744135102839
830,0.596635206592092
831,0.17896326992428635
832,0.7255917013551872
833,0.31321510280124987
834,0.5909454434376868
835,0.026916241254318317
836,0.045989553029395454
837,0.14059926970877853
838,0.18178350413844357
839,0.05140782853325935
840,0.3002692434063762
841,0.1329785381729873
842,0.08915186871707627
843,0.16746981259829405
844,0.2019314316906634
845,0.1885409929006945
846,0.18038911629112167
847,0.13897828900864623
848,0.09266579859566096
849,0.008050125847676547
850,0.1813842541702219
851,0.05568416568291878
852,0.4946759821360197
853,0.10883935763035767
854,0.015008116898498066
855,0.14389132227380103
856,0.022894333303844893
857,0.4343776972080283
858,0.36818053140540735
859,0.017472694096243253
860,0.7487076591680775
861,0.027318596666853878
862,0.7158410203921329
863,0.44500853958699593
864,0.023198001532366487
865,0.5041509248750368
866,0.4306093320553141
867,0.7082739210185726
868,0.05897958271183407
869,0.7890086435957461
870,0.691779749318985
871,0.005724851640568377
872,0.694833277052409
873,0.024634692596758698
874,0.6091918037714492
875,0.7133670304390803
876,0.005100212688313964
877,0.36604601942138026
878,0.10360361136354417
879,0.5656961256289964
880,0.040598943537685554
881,0.11081395704719299
882,0.03225500527206026
883,0.5204909685499023
884,0.1545141562569018
885,0.01496392850517357
886,0.29121948924788105
887,0.5959398606449622
888,0.4355854757790679
889,0.5113353674916354
890,0.03626168470286774
891,0.0016723969214488053
892,0.4812028044271469
893,0.015946853226379377
894,0.5476025239127306
895,0.0741903771429764
896,0.36948013270116187
897,0.6611165760302061
898,0.0030662189135975014
899,0.10623510179221887
900,0.7910655829257144
901,0.0848669900602059
902,0.4384013144104932
903,0.02048868413413843
904,0.46720287431939084
905,0.12814633616688803
906,0.004520257739346817
907,0.024315424650606033
908,0.005568933336891446
909,0.6579230189796043
910,0.5549126988563257
911,0.0020374890333763516
912,0.12150303576218288
913,0.020257245261473798
914,0.4972407964744442
915,0.003359894647676013
916,0.12429475001754003
917,0.2780796572435647
918,0.30396976338658593
919,0.026034873719954457
920,0.2184686032106856
921,0.07105409420886748
922,0.04605049084093822
923,0.0489070920729324
924,0.19893868916986743
925,0.17411521860844165
926,0.24903278745152893
927,0.8483413916384499
928,0.09176080872436618
929,0.25958709344862047
930,0.3909730773390259
931,0.5250725105631568
932,0.00829656453950426
933,0.5255249325148219
934,0.019172855304711356
935,0.7291671739414122
936,0.2299702707116539
937,0.0020588043387482205
938,0.08386438845790015
939,0.419428102764784
940,0.16698257445913947
941,0.2024150902220756
942,0.07071883014036703
943,0.19846914590528655
944,0.10151582718877923
945,0.32514124442061254
946,0.1534978553211136
947,0.7098468056695678
948,0.8622684263297941
949,0.16706537997458257
950,0.24729687199455155
951,0.38044685237215536
952,0.019885391392398737
953,0.09338083886565741
954,0.7302909536744167
955,0.4364678859964107
956,0.00838284383331049
957,0.08414785582920713
958,0.08997136171864838
959,0.1252937099693335
960,0.012728419649022302
961,0.26317986343915223
962,0.7410496667751347
963,0.22601319408790216
964,0.7390191759138874
965,0.5897323399946434
966,0.36428169144329775
967,0.39719636860664226
968,0.032443555581107224
969,0.05117024723365651
970,0.7950678917025974
971,0.009586121362843087
972,0.8231453976033438
973,0.5456209264240197
974,0.05280335904314011
975,0.3163650825013454
976,0.5729943829835921
977,0.5279315545023645
978,0.18070709633495888
979,0.7484726704921968
980,0.29924136053125217
981,0.43877514408146406
982,0.09673168047771075
983,0.002903114847166361
984,0.031855960691365294
985,0.20134788860459948
986,0.14774411917235494
987,0.019490491334472164
988,0.29724949296366693
989,0.007940148453509653
990,0.2114186460452833
991,0.1345970623364405
992,0.06783670181010999
993,0.6157674017804956
994,0.023286994004610203
995,0.03493881540494418
996,0.35279007995221756
997,0.2876757242731204
998,0.009080623874473753
999,0.004657376480070937
1000,0.11671502480669345
1001,0.44363944783107173
1002,0.13183724784271095
1003,0.5293811454860196
1004,0.01211991170794125
1005,0.0031567295393781208
1006,0.016644482830513153
1007,0.0023689714305853344
1008,0.09589153120871276
1009,0.0029838658278027457
1010,0.022523642841647873
1011,0.004236631213106601
1012,0.7191189615654515
1013,0.20350820012623475
1014,0.3976705781159708
1015,0.0238367169026706
1016,0.5478913177162105
1017,0.5633862804442747
1018,0.37231471419725937
1019,0.5747800694724086
1020,0.047356985121404994
1021,0.16736606305409749
1022,0.01026871526186726
1023,0.04999228195051487
1024,0.016643191870845387
1025,0.038647576299090755
1026,0.26746495630819317
1027,0.0021178169730236736
1028,0.23531990586614476
1029,0.08091485840477991
1030,0.010367231265032062
1031,0.13596763289656585
1032,0.31434995896701234
1033,0.015832365361828353
1034,0.38408204169288
1035,0.22185142245005593
1036,0.03232638635602413
1037,0.5212873403211825
1038,0.044326629649459506
1039,0.08611294125515664
1040,0.008997298805348143
1041,0.003196507110196738
1042,0.07427308568441163
1043,0.006175480550943978
1044,0.46487750445461345
1045,0.008678035237002484
1046,0.12010382387830311
1047,0.18840310390755194
1048,0.051713343835883344
1049,0.3446218458931571
1050,0.13305104736287213
1051,0.5883721809185213
1052,0.3632611583245465
1053,0.7345520577705615
1054,0.09103487498665905
1055,0.22660189101951195
1056,0.7064093696868292
1057,0.0028571937472136474
1058,0.05100507154614409
1059,0.007204831562753252
1060,0.3864204677090995
1061,0.11653131554730381
1062,0.6058936662090153
1063,0.21779141962263937
1064,0.2822428024717117
1065,0.03781823724054536
1066,0.45272144193744607
1067,0.7373263767154468
1068,0.029112543913187048
1069,0.009627718996997298
1070,0.1255715363274138
1071,0.6318891102556964
1072,0.02812488001172045
1073,0.017694760470992343
1074,0.03174752552924943
1075,0.1971821803080331
1076,0.0083996017236635
1077,0.02981683036305164
1078,0.014589632018686472
1079,0.04608134158722141
1080,0.7393676965512205
1081,0.07225734141386277
1082,0.20825489386342658
1083,0.0495613917653125
1084,0.14872581497000145
1085,0.429852145457998
1086,0.6144976680434272
1087,0.34157421747624445
1088,0.24992822567390138
1089,0.42409469627900515
1090,0.08045493157509287
1091,0.01427711208247096
1092,0.4989286578814385
1093,0.7884514674690113
1094,0.20166425770056196
1095,0.004252957329509714
1096,0.33551457837732857
1097,0.07576694341831029
1098,0.26159771805140974
1099,0.024015779939562665
1100,0.031536538608054505
1101,0.002378743240164499
1102,0.14644508663342465
1103,0.6454986795353855
1104,0.09760582243220457
1105,0.42489322208362496
1106,0.4571751181338836
1107,0.5422946170594773
1108,0.48607844681702517
1109,0.07472417668937764
1110,0.5564926635271671
1111,0.5074828690675309
1112,0.15495095491985197
1113,0.6500506032214971
1114,0.3079575323739888
1115,0.007222285251800721
1116,0.7228202672296222
1117,0.010939252067143239
1118,0.6349382878059469
1119,0.6301734991861473
1120,0.0878930002648492
1121,0.016859244120794745
1122,0.3808426017778122
1123,0.026159331472790686
1124,0.28287801014957836
1125,0.30503006271049465
1126,0.6087697458706985
1127,0.1001393459376452
1128,0.1727909746131257
1129,0.007107048322826511
1130,0.02415144680568402
1131,0.2616773431614122
1132,0.1728677878797411
1133,0.5779273038257389
1134,0.02700168801205064
1135,0.3245417190247854
1136,0.10422508397227838
1137,0.03881696860213938
1138,0.009524223615845113
1139,0.40863409345104257
1140,0.6236660958091345
1141,0.6353366819973266
1142,0.5442750244443818
1143,0.42391936945847364
1144,0.657061488308601
1145,0.22082750051683483
1146,0.17045031317847867
1147,0.014215198186433999
1148,0.013531031980318868
1149,0.03168250911865119
1150,0.048851514785356105
1151,0.009386276423987887
1152,0.09057400169078024
1153,0.0070483387970828116
1154,0.041763186610610535
1155,0.5019571491271051
1156,0.6830665339073785
1157,0.2811886160978484
1158,0.11820206083580359
1159,0.12268545363827033
1160,0.2941462096417272
1161,0.4420150291569163
1162,0.16838233903870659
1163,0.008879124895544606
1164,0.007897940991833233
1165,0.18925838016512328
1166,0.4636616947826156
1167,0.0016631054546021194
1168,0.5884154090011193
1169,0.0099221966044631
1170,0.05463242387325209
1171,0.45574497754014803
1172,0.2314214106459075
1173,0.709961936490764
1174,0.6552550175615975
1175,0.4765021958875073
1176,0.5660444902506662
1177,0.5640565478728655
1178,0.11839166081376501
1179,0.021996369530406814
1180,0.054950402956801515
1181,0.5559488398646559
1182,0.4768951680254105
1183,0.7868372542828552
1184,0.2966678821800523
1185,0.26903865720609027
1186,0.11975406592295881
1187,0.445183809188802
1188,0.3387385455436591
1189,0.7245052393873256
1190,0.08473221763326934
1191,0.030793167700433863
1192,0.06391301061390314
1193,0.10094043560160007
1194,0.29275983938764094
1195,0.04877660212544959
1196,0.3381845001296126
1197,0.16295463327418955
1198,0.0685122594344849
1199,0.1632932867314965
1200,0.038530888941730894
1201,0.3870525626956451
1202,0.12938515621102958
1203,0.4411150731282087
1204,0.08273846988829787
1205,0.004438193523041687
1206,0.05694447614670175
1207,0.24957915123836716
1208,0.8594817120388204
1209,0.16032250743562187
1210,0.34658764173485795
1211,0.01416348918143474
1212,0.4989274042993192
1213,0.0032403312216317194
1214,0.09709129711117076
1215,0.28476019237267447
1216,0.6550228175950017
1217,0.264058742066128
1218,0.5913625726596844
1219,0.1262650857031293
1220,0.8586702099841816
1221,0.2786830026161272
1222,0.011518540847762769
1223,0.23486081801655653
1224,0.20286862179648388
1225,0.014810617335379424
1226,0.5568734773394004
1227,0.0030482639359388384
1228,0.053758518201886964
1229,0.039224257342649796
1230,0.27583944857695336
1231,0.16593627159421137
1232,0.3056685605197829
1233,0.5487437514617278
1234,0.8236152731425835
1235,0.5437715328775952
1236,0.7498394449078915
1237,0.03135412781670028
1238,0.36837608505493286
1239,0.5117917197457619
1240,0.535941269275296
1241,0.06228484897319598
1242,0.45849380225927666
1243,0.7800556488959137
1244,0.024035962119885856
1245,0.0501327490358796
1246,0.2398638682945175
1247,0.17645352414865656
1248,0.7438696231936001
1249,0.5684814336940165
1250,0.24171769827645492
1251,0.009136689588589443
1252,0.02370527000461317
1253,0.02664623651256882
1254,0.019827032457363402
1255,0.35125806043906427
1256,0.5488729822452639
1257,0.48746475510313014
1258,0.07974752268383857
1259,0.7271107425364942
1260,0.8086999104252875
1261,0.5069539225498938
1262,0.00988336943913635
1263,0.668853917238289
1264,0.002616661861519147
1265,0.048196209038797226
1266,0.4427229050601487
1267,0.012113401182334888
1268,0.02394996364505933
1269,0.5617196569345693
1270,0.20632641354513984
1271,0.01901892014781752
1272,0.003312843838964442
1273,0.6303809825417551
1274,0.5383400210360167
1275,0.38467104428402776
1276,0.16090890864386437
1277,0.00180109743355283
1278,0.6423268654850164
1279,0.45851700063097633
1280,0.3307201349828673
1281,0.23333599175598763
1282,0.005097397267620507
1283,0.25770404555485116
1284,0.5821144865713456
1285,0.7467385104048457
1286,0.19146610070180575
1287,0.23811530921864696
1288,0.4644575436015626
1289,0.12891427416616572
1290,0.2800183914856655
1291,0.2740263265055543
1292,0.04511670545827555
1293,0.7569816451677633
1294,0.2157309299704718
1295,0.5640520312941553
1296,0.2159543083391832
1297,0.6580645041455859
1298,0.29761422985786584
1299,0.13615038636756183
1300,0.6855090833304939
1301,0.012514927675068042
1302,0.5730106740794196
1303,0.013546678797387635
1304,0.013032658784783662
1305,0.3016501830393097
1306,0.00585618726211728
1307,0.24145371486969727
1308,0.6808142148525372
1309,0.0948169179270206
1310,0.2335705624604401
1311,0.023725944705669768
1312,0.002316165055243341
1313,0.5077885458402202
1314,0.18078665957662698
1315,0.09395273550843547
1316,0.5627547830902603
1317,0.014830974008899222
1318,0.7411886072244429
1319,0.3196460305664399
1320,0.05415530547401896
1321,0.3244973095581904
1322,0.02622498835297038
1323,0.030308758907782625
1324,0.33432198515564676
1325,0.13415978221588165
1326,0.5064918059504474
1327,0.4950416004370318
1328,0.26347591042101565
1329,0.5195965787217645
1330,0.03262909880578037
1331,0.2765795274596278
1332,0.36680805477982087
1333,0.13565271463315434
1334,0.141745954737564
1335,0.6474118975025701
1336,0.57460314610137
1337,0.0026178957595664044
1338,0.0017235659844077509
1339,0.6094634788651991
1340,0.02190422091075256
1341,0.3954850580359685
1342,0.12484197937335766
1343,0.0021882122849869443
1344,0.11909741393993338
1345,0.5876752175159698
1346,0.039145974551784625
1347,0.5694987383730007
1348,0.01464596758393901
1349,0.5130856981699475
1350,0.6406426085192722
1351,0.20936755808635807
1352,0.0023214392485593
1353,0.1326085989523455
1354,0.01366235197907211
1355,0.7133364393807086
1356,0.18178350413844357
1357,0.042314997315301785
1358,0.7373879044266812
1359,0.5996808109341
1360,0.07843340602512107
1361,0.27990730205985115
1362,0.6828053959790936
1363,0.8513996313034574
1364,0.3587858389327377
1365,0.05089914885063317
1366,0.625828649294688
1367,0.024356297241432998
1368,0.5682231885705369
1369,0.5073624694468081
1370,0.05038507288084667
1371,0.07253024602414054
1372,0.014577515953125468
1373,0.20819042052176565
1374,0.7051932816050641
1375,0.21837930982115153
1376,0.16601627895099588
1377,0.011180660049104726
1378,0.5091985044845683
1379,0.0744917205850502
1380,0.007641701975776069
1381,0.15919494430046885
1382,0.02078793493070099
1383,0.24401905844592695
1384,0.5915012906843032
1385,0.014275027147492353
1386,0.4509846044053215
1387,0.6269663789761543
1388,0.20615225197846215
1389,0.1850929218380048
1390,0.5376841366471867
1391,0.20102207474815512
1392,0.007162302947522352
1393,0.10323385754816146
1394,0.025263486036997882
1395,0.0035571124388281876
1396,0.5647525351475102
1397,0.10844000626425974
1398,0.16709715747224324
1399,0.28413797904454563
1400,0.007507926313564245
1401,0.24078334005924729
1402,0.039050187689623775
1403,0.69933389151471
1404,0.184339633861239
1405,0.03007879532177563
1406,0.6101596247283764
1407,0.4037271232847849
1408,0.4337069930451822
1409,0.011015373735972623
1410,0.0037726567067138525
1411,0.3933071993480415
1412,0.033070256279805386
1413,0.11786673901871376
1414,0.120591923975566
1415,0.014573128975910026
1416,0.3412301809905882
1417,0.001688911416370334
1418,0.6418489264812689
1419,0.10110228839297405
1420,0.09528301349898333
1421,0.017100022802148937
1422,0.43478944223972155
1423,0.0918254955344196
1424,0.1580554526632755
1425,0.006774784661218165
1426,0.44188251277728285
1427,0.25066869526532265
1428,0.1102214534233433
1429,0.32756514891040867
1430,0.6853937655137907
1431,0.0666693510492673
1432,0.027440761940676052
1433,0.010069885877637923
1434,0.05083484099492626
1435,0.0028979981300263423
1436,0.3477680892975936
1437,0.6736422060560051
1438,0.3804620711133714
1439,0.30313015987720177
1440,0.5226000235976777
1441,0.20464119929555308
1442,0.12512757118683587
1443,0.017089465635352814
1444,0.15129673114133238
1445,0.042387378059160055
1446,0.056673522061027284
1447,0.611879705710971
1448,0.18481739690408322
1449,0.16642728738615115
1450,0.45381298383863405
1451,0.06235080680020898
1452,0.17913025426225695
1453,0.002568449121470916
1454,0.05961826441132798
1455,0.10781723472850788
1456,0.6988108874652197
1457,0.6337222784347997
1458,0.3744915286705342
1459,0.5309519377302624
1460,0.017491570862415724
1461,0.3768666425782899
1462,0.42083704492992624
1463,0.3642681070250076
1464,0.6065362368896036
1465,0.1571118827089415
1466,0.0025105864935149685
1467,0.5370251353288953
1468,0.032284101811750385
1469,0.17267832559839913
1470,0.0033166994585241533
1471,0.03713775818996638
1472,0.34670253289524167
1473,0.04861054530182852
1474,0.013678637523276303
1475,0.26891557832240226
1476,0.05780436511932332
1477,0.5436868382986567
1478,0.06960332926042337
1479,0.02773971147307737
1480,0.4998091591982632
1481,0.20820069227713392
1482,0.05501927674923478
1483,0.002396009688438719
1484,0.006765293048554584
1485,0.08110858668368232
1486,0.0018879212274581082
1487,0.1390579901795864
1488,0.09728329665587841
1489,0.02623685307227993
1490,0.14738851818716153
1491,0.02424956561115833
1492,0.037528379731372324
1493,0.7569322200198868
1494,0.07761327501158426
1495,0.10391213556481237
1496,0.5886520535262824
1497,0.08628125992311603
1498,0.6615665848843598
1499,0.0468418843511377
1500,0.0626051149479867
1501,0.7964113853186348
1502,0.011157767360861699
1503,0.008814659982162836
1504,0.06435469816555633
1505,0.018955510433104547
1506,0.45377976165391637
1507,0.02192358934360887
1508,0.32255261948771585
1509,0.0023320927148566236
1510,0.05672488272705219
1511,0.3534183516766893
1512,0.01919834784187886
1513,0.6413140473743253
1514,0.004417441340354113
1515,0.7136374772931152
1516,0.008021564601505106
1517,0.007735560530617102
1518,0.6042191714311335
1519,0.6166985000294212
1520,0.002734993853892771
1521,0.23741559866947304
1522,0.21938174374810102
1523,0.0682530829231106
1524,0.08398522925968797
1525,0.0017757581263143647
1526,0.09213897101414432
1527,0.12618982141216467
1528,0.01566575448067431
1529,0.23869946092597805
1530,0.25650529701105357
1531,0.6620595247169363
1532,0.059756908155946246
1533,0.24567794774809082
1534,0.6201859363939314
1535,0.5685155470686791
1536,0.11482409830311557
1537,0.011605907212586837
1538,0.057251262077463
1539,0.6282793800584933
1540,0.6042341791850401
1541,0.0024768549837539734
1542,0.5100936996355363
1543,0.08348057369210918
1544,0.5848066532121886
1545,0.08747176145869581
1546,0.0766934810784355
1547,0.07564757540520406
1548,0.10552438254636666
1549,0.027328677716759796
1550,0.04748646740334124
1551,0.08766873555230198
1552,0.020262130658622656
1553,0.05501905627001868
1554,0.2925891393246584
1555,0.0028590071692948162
1556,0.47679916355248453
1557,0.04943596781763024
1558,0.0386984383932617
1559,0.5418508458721917
1560,0.31212923198580056
1561,0.47112634706769685
1562,0.06655617677100555
1563,0.17430958727634435
1564,0.6470465929140017
1565,0.7110816610725632
1566,0.5759977387475722
1567,0.05563287936063301
1568,0.8340797621548048
1569,0.009221731526651601
1570,0.020679781927495776
1571,0.10279495520079482
1572,0.32551005692459295
1573,0.005851077201656407
1574,0.009446349244672267
1575,0.15377084952914194
1576,0.032965876297809914
1577,0.1679079617388563
1578,0.014189684002417874
1579,0.6497427155195735
1580,0.004194034108420464
1581,0.08951212647731488
1582,0.30084435797789355
1583,0.148560807797868
1584,0.6766463620596527
